{
  "throughput_latency": {
    "x_throughput": [
      100.0,
      262.5,
      425.0,
      587.5,
      750.0,
      912.5,
      1075.0,
      1237.5,
      1400.0,
      1562.5,
      1725.0,
      1887.5,
      2050.0,
      2212.5,
      2375.0,
      2537.5,
      2700.0,
      2862.5,
      3025.0,
      3187.5,
      3350.0,
      3512.5,
      3675.0,
      3837.5,
      4000.0
    ],
    "y_lat_host": [
      18.808837541377784,
      19.159743549881377,
      19.977564407116468,
      24.04661817318951,
      500,
      500,
      500,
      500,
      500,
      500,
      500,
      500,
      500,
      500,
      500,
      500,
      500,
      500,
      500,
      500,
      500,
      500,
      500,
      500,
      500
    ],
    "y_lat_ours": [
      6.07052664578732,
      6.074813686989215,
      6.079655644615558,
      6.085167717268893,
      6.091499360496765,
      6.098848043359162,
      6.107480212970097,
      6.1177642948021544,
      6.130224643073835,
      6.145633794009936,
      6.165179005823375,
      6.190783692621421,
      6.225782657544616,
      6.27650752273793,
      6.356628530934309,
      6.5021244552178725,
      6.848148988691074,
      8.728229099222059,
      79.59618671558246,
      160.84618671558246,
      242.09618671558246,
      323.34618671558246,
      404.59618671558246,
      485.84618671558246,
      500
    ],
    "sla_ms": 50.0
  },
  "traffic_breakdown": {
    "categories": [
      "Local HBM Access",
      "CXL P2P Data",
      "CXL-to-Host Traffic"
    ],
    "host_agg": [
      0.15100357397818884,
      0.0,
      3.6240398777336815
    ],
    "disaggkv": [
      3.020071479563777,
      0.28227111853065695,
      0.28227111853065695
    ]
  },
  "fault_recovery": {
    "methods": [
      "PIM XOR Parity (Ours)",
      "Host RDMA Backup",
      "Checkpoint Restart"
    ],
    "latencies": [
      416.384,
      2800.0,
      15000.0
    ]
  },
  "scalability": {
    "x_nodes": [
      1,
      2,
      4,
      8,
      16
    ],
    "y_host": [
      260.0,
      520.0,
      1008.0,
      1216.0,
      1600
    ],
    "y_ours": [
      257.4,
      520.0,
      1002.1160513764727,
      2004.9377237591975,
      3867.680232051329
    ],
    "y_ideal": [
      260.0,
      520.0,
      1040.0,
      2080.0,
      4160.0
    ]
  }
}