{
  "cxl_latency": {
    "x_cxl_latency": [
      100,
      200,
      400,
      600,
      800,
      1000
    ],
    "y_throughput_baseline": [
      1200.0,
      800.0,
      480.0,
      342.85714285714283,
      266.6666666666667,
      218.1818181818182
    ],
    "y_throughput_ours": [
      2800.0,
      2666.6666666666665,
      2434.7826086956525,
      2240.0,
      2074.074074074074,
      1931.0344827586207
    ],
    "label_x": "CXL Link Latency (ns)",
    "label_y": "Max Throughput (Req/s)"
  },
  "outlier_buffer": {
    "x_entries": [
      0,
      4,
      8,
      16,
      32,
      64
    ],
    "y_accuracy": [
      0.8,
      0.8786938680574734,
      0.9264241117657116,
      0.9729329433526775,
      0.9963368722222532,
      0.9999329074744195
    ],
    "y_area_ours": [
      0.8,
      0.808,
      0.8160000000000001,
      0.8320000000000001,
      0.8640000000000001,
      0.928
    ],
    "y_area_baseline": [
      1.0,
      1.0,
      1.0,
      1.0,
      1.0,
      1.0
    ]
  }
}